Variable,DictionaryID,DimensionID,Type,LanguageCode,DictionaryHumanName,Dimensionhumanname,DictionaryCitation
c9.1,9,1,WORDCOUNT,eng,Roget's Thesaurus 1911 Edition,Class I - Abstract Relations/1.1 Existence/1.1.1 Being Abstract/1 Existence,Peter Mark Roget. (1911). 'Roget's Thesaurus of English Words and Phrases'.  New York: TY Crowell Company.
c9.2,9,2,WORDCOUNT,eng,Roget's Thesaurus 1911 Edition,Class I - Abstract Relations/1.1 Existence/1.1.1 Being Abstract/2 Inexistence,Peter Mark Roget. (1911). 'Roget's Thesaurus of English Words and Phrases'.  New York: TY Crowell Company.
c9.3,9,3,WORDCOUNT,eng,Roget's Thesaurus 1911 Edition,Class I - Abstract Relations/1.1 Existence/1.1.2 Being Concrete/3 Substantiality,Peter Mark Roget. (1911). 'Roget's Thesaurus of English Words and Phrases'.  New York: TY Crowell Company.
c9.4,9,4,WORDCOUNT,eng,Roget's Thesaurus 1911 Edition,Class I - Abstract Relations/1.1 Existence/1.1.2 Being Concrete/4 Unsubstantiality,Peter Mark Roget. (1911). 'Roget's Thesaurus of English Words and Phrases'.  New York: TY Crowell Company.
c9.5,9,5,WORDCOUNT,eng,Roget's Thesaurus 1911 Edition,Class I - Abstract Relations/1.1 Existence/1.1.3 Formal Existence/1.1.3.1 Internal Conditions/5 Intrinsicality,Peter Mark Roget. (1911). 'Roget's Thesaurus of English Words and Phrases'.  New York: TY Crowell Company.
c9.6,9,6,WORDCOUNT,eng,Roget's Thesaurus 1911 Edition,Class I - Abstract Relations/1.1 Existence/1.1.3 Formal Existence/1.1.3.2 External Conditions/6 Extrinsicality,Peter Mark Roget. (1911). 'Roget's Thesaurus of English Words and Phrases'.  New York: TY Crowell Company.
c9.7,9,7,WORDCOUNT,eng,Roget's Thesaurus 1911 Edition,Class I - Abstract Relations/1.1 Existence/1.1.4 Modal Existence/7 Absolute/state,Peter Mark Roget. (1911). 'Roget's Thesaurus of English Words and Phrases'.  New York: TY Crowell Company.
c9.8,9,8,WORDCOUNT,eng,Roget's Thesaurus 1911 Edition,Class I - Abstract Relations/1.1 Existence/1.1.4 Modal Existence/8 Relative/circumstance,Peter Mark Roget. (1911). 'Roget's Thesaurus of English Words and Phrases'.  New York: TY Crowell Company.
c9.9,9,9,WORDCOUNT,eng,Roget's Thesaurus 1911 Edition,Class I - Abstract Relations/1.2 Relation/1.2.1 Absolute Relation/10 Irrelation,Peter Mark Roget. (1911). 'Roget's Thesaurus of English Words and Phrases'.  New York: TY Crowell Company.
c9.10,9,10,WORDCOUNT,eng,Roget's Thesaurus 1911 Edition,Class I - Abstract Relations/1.2 Relation/1.2.1 Absolute Relation/11 Consanguinity,Peter Mark Roget. (1911). 'Roget's Thesaurus of English Words and Phrases'.  New York: TY Crowell Company.
c9.11,9,11,WORDCOUNT,eng,Roget's Thesaurus 1911 Edition,Class I - Abstract Relations/1.2 Relation/1.2.1 Absolute Relation/12 Correlation,Peter Mark Roget. (1911). 'Roget's Thesaurus of English Words and Phrases'.  New York: TY Crowell Company.
c9.12,9,12,WORDCOUNT,eng,Roget's Thesaurus 1911 Edition,Class I - Abstract Relations/1.2 Relation/1.2.1 Absolute Relation/13 Identity,Peter Mark Roget. (1911). 'Roget's Thesaurus of English Words and Phrases'.  New York: TY Crowell Company.
c9.13,9,13,WORDCOUNT,eng,Roget's Thesaurus 1911 Edition,Class I - Abstract Relations/1.2 Relation/1.2.1 Absolute Relation/14 Contrariety,Peter Mark Roget. (1911). 'Roget's Thesaurus of English Words and Phrases'.  New York: TY Crowell Company.
c9.14,9,14,WORDCOUNT,eng,Roget's Thesaurus 1911 Edition,Class I - Abstract Relations/1.2 Relation/1.2.1 Absolute Relation/15 Difference,Peter Mark Roget. (1911). 'Roget's Thesaurus of English Words and Phrases'.  New York: TY Crowell Company.
c9.15,9,15,WORDCOUNT,eng,Roget's Thesaurus 1911 Edition,Class I - Abstract Relations/1.2 Relation/1.2.1 Absolute Relation/9 Relation,Peter Mark Roget. (1911). 'Roget's Thesaurus of English Words and Phrases'.  New York: TY Crowell Company.
c9.16,9,16,WORDCOUNT,eng,Roget's Thesaurus 1911 Edition,Class I - Abstract Relations/1.2 Relation/1.2.2 Continuous Relation/16 Uniformity,Peter Mark Roget. (1911). 'Roget's Thesaurus of English Words and Phrases'.  New York: TY Crowell Company.
c9.17,9,17,WORDCOUNT,eng,Roget's Thesaurus 1911 Edition,Class I - Abstract Relations/1.2 Relation/1.2.2 Continuous Relation/17 Non-uniformity,Peter Mark Roget. (1911). 'Roget's Thesaurus of English Words and Phrases'.  New York: TY Crowell Company.
c9.18,9,18,WORDCOUNT,eng,Roget's Thesaurus 1911 Edition,Class I - Abstract Relations/1.2 Relation/1.2.3 Partial Relation/18 Similarity,Peter Mark Roget. (1911). 'Roget's Thesaurus of English Words and Phrases'.  New York: TY Crowell Company.
c9.19,9,19,WORDCOUNT,eng,Roget's Thesaurus 1911 Edition,Class I - Abstract Relations/1.2 Relation/1.2.3 Partial Relation/19 Dissimilarity,Peter Mark Roget. (1911). 'Roget's Thesaurus of English Words and Phrases'.  New York: TY Crowell Company.
c9.20,9,20,WORDCOUNT,eng,Roget's Thesaurus 1911 Edition,Class I - Abstract Relations/1.2 Relation/1.2.3 Partial Relation/20 Imitation,Peter Mark Roget. (1911). 'Roget's Thesaurus of English Words and Phrases'.  New York: TY Crowell Company.
c9.21,9,21,WORDCOUNT,eng,Roget's Thesaurus 1911 Edition,Class I - Abstract Relations/1.2 Relation/1.2.3 Partial Relation/21 Non-imitation,Peter Mark Roget. (1911). 'Roget's Thesaurus of English Words and Phrases'.  New York: TY Crowell Company.
c9.22,9,22,WORDCOUNT,eng,Roget's Thesaurus 1911 Edition,Class I - Abstract Relations/1.2 Relation/1.2.3 Partial Relation/22 Variation,Peter Mark Roget. (1911). 'Roget's Thesaurus of English Words and Phrases'.  New York: TY Crowell Company.
c9.23,9,23,WORDCOUNT,eng,Roget's Thesaurus 1911 Edition,Class I - Abstract Relations/1.2 Relation/1.2.3 Partial Relation/23 Copy,Peter Mark Roget. (1911). 'Roget's Thesaurus of English Words and Phrases'.  New York: TY Crowell Company.
c9.24,9,24,WORDCOUNT,eng,Roget's Thesaurus 1911 Edition,Class I - Abstract Relations/1.2 Relation/1.2.3 Partial Relation/24 Prototype,Peter Mark Roget. (1911). 'Roget's Thesaurus of English Words and Phrases'.  New York: TY Crowell Company.
c9.25,9,25,WORDCOUNT,eng,Roget's Thesaurus 1911 Edition,Class I - Abstract Relations/1.2 Relation/1.2.4 General Relation/25 Agreement,Peter Mark Roget. (1911). 'Roget's Thesaurus of English Words and Phrases'.  New York: TY Crowell Company.
c9.26,9,26,WORDCOUNT,eng,Roget's Thesaurus 1911 Edition,Class I - Abstract Relations/1.2 Relation/1.2.4 General Relation/26 Disagreement,Peter Mark Roget. (1911). 'Roget's Thesaurus of English Words and Phrases'.  New York: TY Crowell Company.
c9.27,9,27,WORDCOUNT,eng,Roget's Thesaurus 1911 Edition,Class I - Abstract Relations/1.3 Quantity/1.3.1 Simple Quantity/27 Quantity,Peter Mark Roget. (1911). 'Roget's Thesaurus of English Words and Phrases'.  New York: TY Crowell Company.
c9.28,9,28,WORDCOUNT,eng,Roget's Thesaurus 1911 Edition,Class I - Abstract Relations/1.3 Quantity/1.3.1 Simple Quantity/28 Degree,Peter Mark Roget. (1911). 'Roget's Thesaurus of English Words and Phrases'.  New York: TY Crowell Company.
c9.29,9,29,WORDCOUNT,eng,Roget's Thesaurus 1911 Edition,Class I - Abstract Relations/1.3 Quantity/1.3.2 Comparative Quantity/1.3.2.1 Comparison General/29 Equality,Peter Mark Roget. (1911). 'Roget's Thesaurus of English Words and Phrases'.  New York: TY Crowell Company.
c9.30,9,30,WORDCOUNT,eng,Roget's Thesaurus 1911 Edition,Class I - Abstract Relations/1.3 Quantity/1.3.2 Comparative Quantity/1.3.2.1 Comparison General/30 Inequality,Peter Mark Roget. (1911). 'Roget's Thesaurus of English Words and Phrases'.  New York: TY Crowell Company.
c9.31,9,31,WORDCOUNT,eng,Roget's Thesaurus 1911 Edition,Class I - Abstract Relations/1.3 Quantity/1.3.2 Comparative Quantity/1.3.2.1 Comparison General/31 Mean,Peter Mark Roget. (1911). 'Roget's Thesaurus of English Words and Phrases'.  New York: TY Crowell Company.
c9.32,9,32,WORDCOUNT,eng,Roget's Thesaurus 1911 Edition,Class I - Abstract Relations/1.3 Quantity/1.3.2 Comparative Quantity/1.3.2.1 Comparison General/32 Compensation,Peter Mark Roget. (1911). 'Roget's Thesaurus of English Words and Phrases'.  New York: TY Crowell Company.
c9.33,9,33,WORDCOUNT,eng,Roget's Thesaurus 1911 Edition,Class I - Abstract Relations/1.3 Quantity/1.3.2 Comparative Quantity/1.3.2.2 Comparison With Standard/33 Greatness,Peter Mark Roget. (1911). 'Roget's Thesaurus of English Words and Phrases'.  New York: TY Crowell Company.
c9.34,9,34,WORDCOUNT,eng,Roget's Thesaurus 1911 Edition,Class I - Abstract Relations/1.3 Quantity/1.3.2 Comparative Quantity/1.3.2.2 Comparison With Standard/34 Smallness,Peter Mark Roget. (1911). 'Roget's Thesaurus of English Words and Phrases'.  New York: TY Crowell Company.
c9.35,9,35,WORDCOUNT,eng,Roget's Thesaurus 1911 Edition,Class I - Abstract Relations/1.3 Quantity/1.3.2 Comparative Quantity/1.3.2.3 Comparison With Similar/35 Superiority,Peter Mark Roget. (1911). 'Roget's Thesaurus of English Words and Phrases'.  New York: TY Crowell Company.
c9.36,9,36,WORDCOUNT,eng,Roget's Thesaurus 1911 Edition,Class I - Abstract Relations/1.3 Quantity/1.3.2 Comparative Quantity/1.3.2.3 Comparison With Similar/36 Inferiority,Peter Mark Roget. (1911). 'Roget's Thesaurus of English Words and Phrases'.  New York: TY Crowell Company.
c9.37,9,37,WORDCOUNT,eng,Roget's Thesaurus 1911 Edition,Class I - Abstract Relations/1.3 Quantity/1.3.2 Comparative Quantity/1.3.2.4 Changes In Quantity/37 Increase,Peter Mark Roget. (1911). 'Roget's Thesaurus of English Words and Phrases'.  New York: TY Crowell Company.
c9.38,9,38,WORDCOUNT,eng,Roget's Thesaurus 1911 Edition,Class I - Abstract Relations/1.3 Quantity/1.3.2 Comparative Quantity/1.3.2.4 Changes In Quantity/38 Decrease,Peter Mark Roget. (1911). 'Roget's Thesaurus of English Words and Phrases'.  New York: TY Crowell Company.
c9.39,9,39,WORDCOUNT,eng,Roget's Thesaurus 1911 Edition,Class I - Abstract Relations/1.3 Quantity/1.3.3 Conjunctive Quantity/39 Addition,Peter Mark Roget. (1911). 'Roget's Thesaurus of English Words and Phrases'.  New York: TY Crowell Company.
c9.40,9,40,WORDCOUNT,eng,Roget's Thesaurus 1911 Edition,Class I - Abstract Relations/1.3 Quantity/1.3.3 Conjunctive Quantity/40 Subtraction,Peter Mark Roget. (1911). 'Roget's Thesaurus of English Words and Phrases'.  New York: TY Crowell Company.
c9.41,9,41,WORDCOUNT,eng,Roget's Thesaurus 1911 Edition,Class I - Abstract Relations/1.3 Quantity/1.3.3 Conjunctive Quantity/41 Adjunct,Peter Mark Roget. (1911). 'Roget's Thesaurus of English Words and Phrases'.  New York: TY Crowell Company.
c9.42,9,42,WORDCOUNT,eng,Roget's Thesaurus 1911 Edition,Class I - Abstract Relations/1.3 Quantity/1.3.3 Conjunctive Quantity/42 Remainder,Peter Mark Roget. (1911). 'Roget's Thesaurus of English Words and Phrases'.  New York: TY Crowell Company.
c9.43,9,43,WORDCOUNT,eng,Roget's Thesaurus 1911 Edition,Class I - Abstract Relations/1.3 Quantity/1.3.3 Conjunctive Quantity/43 Decrement,Peter Mark Roget. (1911). 'Roget's Thesaurus of English Words and Phrases'.  New York: TY Crowell Company.
c9.44,9,44,WORDCOUNT,eng,Roget's Thesaurus 1911 Edition,Class I - Abstract Relations/1.3 Quantity/1.3.3 Conjunctive Quantity/44 Mixture,Peter Mark Roget. (1911). 'Roget's Thesaurus of English Words and Phrases'.  New York: TY Crowell Company.
c9.45,9,45,WORDCOUNT,eng,Roget's Thesaurus 1911 Edition,Class I - Abstract Relations/1.3 Quantity/1.3.3 Conjunctive Quantity/45 Simpleness,Peter Mark Roget. (1911). 'Roget's Thesaurus of English Words and Phrases'.  New York: TY Crowell Company.
c9.46,9,46,WORDCOUNT,eng,Roget's Thesaurus 1911 Edition,Class I - Abstract Relations/1.3 Quantity/1.3.3 Conjunctive Quantity/46 Junction,Peter Mark Roget. (1911). 'Roget's Thesaurus of English Words and Phrases'.  New York: TY Crowell Company.
c9.47,9,47,WORDCOUNT,eng,Roget's Thesaurus 1911 Edition,Class I - Abstract Relations/1.3 Quantity/1.3.3 Conjunctive Quantity/47 Disjunction,Peter Mark Roget. (1911). 'Roget's Thesaurus of English Words and Phrases'.  New York: TY Crowell Company.
c9.48,9,48,WORDCOUNT,eng,Roget's Thesaurus 1911 Edition,Class I - Abstract Relations/1.3 Quantity/1.3.3 Conjunctive Quantity/48 Connection,Peter Mark Roget. (1911). 'Roget's Thesaurus of English Words and Phrases'.  New York: TY Crowell Company.
c9.49,9,49,WORDCOUNT,eng,Roget's Thesaurus 1911 Edition,Class I - Abstract Relations/1.3 Quantity/1.3.3 Conjunctive Quantity/49 Coherence,Peter Mark Roget. (1911). 'Roget's Thesaurus of English Words and Phrases'.  New York: TY Crowell Company.
c9.50,9,50,WORDCOUNT,eng,Roget's Thesaurus 1911 Edition,Class I - Abstract Relations/1.3 Quantity/1.3.3 Conjunctive Quantity/50 Incoherence,Peter Mark Roget. (1911). 'Roget's Thesaurus of English Words and Phrases'.  New York: TY Crowell Company.
c9.51,9,51,WORDCOUNT,eng,Roget's Thesaurus 1911 Edition,Class I - Abstract Relations/1.3 Quantity/1.3.3 Conjunctive Quantity/51 Combination,Peter Mark Roget. (1911). 'Roget's Thesaurus of English Words and Phrases'.  New York: TY Crowell Company.
c9.52,9,52,WORDCOUNT,eng,Roget's Thesaurus 1911 Edition,Class I - Abstract Relations/1.3 Quantity/1.3.3 Conjunctive Quantity/52 Decomposition,Peter Mark Roget. (1911). 'Roget's Thesaurus of English Words and Phrases'.  New York: TY Crowell Company.
c9.53,9,53,WORDCOUNT,eng,Roget's Thesaurus 1911 Edition,Class I - Abstract Relations/1.3 Quantity/1.3.4 Concrete Quantity/53 Whole,Peter Mark Roget. (1911). 'Roget's Thesaurus of English Words and Phrases'.  New York: TY Crowell Company.
c9.54,9,54,WORDCOUNT,eng,Roget's Thesaurus 1911 Edition,Class I - Abstract Relations/1.3 Quantity/1.3.4 Concrete Quantity/54 Part,Peter Mark Roget. (1911). 'Roget's Thesaurus of English Words and Phrases'.  New York: TY Crowell Company.
c9.55,9,55,WORDCOUNT,eng,Roget's Thesaurus 1911 Edition,Class I - Abstract Relations/1.3 Quantity/1.3.4 Concrete Quantity/55 3 Completeness,Peter Mark Roget. (1911). 'Roget's Thesaurus of English Words and Phrases'.  New York: TY Crowell Company.
c9.56,9,56,WORDCOUNT,eng,Roget's Thesaurus 1911 Edition,Class I - Abstract Relations/1.3 Quantity/1.3.4 Concrete Quantity/56 Incompleteness,Peter Mark Roget. (1911). 'Roget's Thesaurus of English Words and Phrases'.  New York: TY Crowell Company.
c9.57,9,57,WORDCOUNT,eng,Roget's Thesaurus 1911 Edition,Class I - Abstract Relations/1.3 Quantity/1.3.4 Concrete Quantity/57 Composition,Peter Mark Roget. (1911). 'Roget's Thesaurus of English Words and Phrases'.  New York: TY Crowell Company.
c9.58,9,58,WORDCOUNT,eng,Roget's Thesaurus 1911 Edition,Class I - Abstract Relations/1.3 Quantity/1.3.4 Concrete Quantity/58 Exclusion,Peter Mark Roget. (1911). 'Roget's Thesaurus of English Words and Phrases'.  New York: TY Crowell Company.
c9.59,9,59,WORDCOUNT,eng,Roget's Thesaurus 1911 Edition,Class I - Abstract Relations/1.3 Quantity/1.3.4 Concrete Quantity/59 Component,Peter Mark Roget. (1911). 'Roget's Thesaurus of English Words and Phrases'.  New York: TY Crowell Company.
c9.60,9,60,WORDCOUNT,eng,Roget's Thesaurus 1911 Edition,Class I - Abstract Relations/1.3 Quantity/1.3.4 Concrete Quantity/60 Extraneousness,Peter Mark Roget. (1911). 'Roget's Thesaurus of English Words and Phrases'.  New York: TY Crowell Company.
c9.61,9,61,WORDCOUNT,eng,Roget's Thesaurus 1911 Edition,Class I - Abstract Relations/1.4 Order/1.4.1 Order General/61 Order,Peter Mark Roget. (1911). 'Roget's Thesaurus of English Words and Phrases'.  New York: TY Crowell Company.
c9.62,9,62,WORDCOUNT,eng,Roget's Thesaurus 1911 Edition,Class I - Abstract Relations/1.4 Order/1.4.1 Order General/62 Disorder,Peter Mark Roget. (1911). 'Roget's Thesaurus of English Words and Phrases'.  New York: TY Crowell Company.
c9.63,9,63,WORDCOUNT,eng,Roget's Thesaurus 1911 Edition,Class I - Abstract Relations/1.4 Order/1.4.1 Order General/63 Complexity,Peter Mark Roget. (1911). 'Roget's Thesaurus of English Words and Phrases'.  New York: TY Crowell Company.
c9.64,9,64,WORDCOUNT,eng,Roget's Thesaurus 1911 Edition,Class I - Abstract Relations/1.4 Order/1.4.1 Order General/64 Arrangement,Peter Mark Roget. (1911). 'Roget's Thesaurus of English Words and Phrases'.  New York: TY Crowell Company.
c9.65,9,65,WORDCOUNT,eng,Roget's Thesaurus 1911 Edition,Class I - Abstract Relations/1.4 Order/1.4.1 Order General/65 Derangement,Peter Mark Roget. (1911). 'Roget's Thesaurus of English Words and Phrases'.  New York: TY Crowell Company.
c9.66,9,66,WORDCOUNT,eng,Roget's Thesaurus 1911 Edition,Class I - Abstract Relations/1.4 Order/1.4.2 Consecutive Order/66 Precedence,Peter Mark Roget. (1911). 'Roget's Thesaurus of English Words and Phrases'.  New York: TY Crowell Company.
c9.67,9,67,WORDCOUNT,eng,Roget's Thesaurus 1911 Edition,Class I - Abstract Relations/1.4 Order/1.4.2 Consecutive Order/67 Sequence,Peter Mark Roget. (1911). 'Roget's Thesaurus of English Words and Phrases'.  New York: TY Crowell Company.
c9.68,9,68,WORDCOUNT,eng,Roget's Thesaurus 1911 Edition,Class I - Abstract Relations/1.4 Order/1.4.2 Consecutive Order/68 Precursor,Peter Mark Roget. (1911). 'Roget's Thesaurus of English Words and Phrases'.  New York: TY Crowell Company.
c9.69,9,69,WORDCOUNT,eng,Roget's Thesaurus 1911 Edition,Class I - Abstract Relations/1.4 Order/1.4.2 Consecutive Order/69 Sequel,Peter Mark Roget. (1911). 'Roget's Thesaurus of English Words and Phrases'.  New York: TY Crowell Company.
c9.70,9,70,WORDCOUNT,eng,Roget's Thesaurus 1911 Edition,Class I - Abstract Relations/1.4 Order/1.4.2 Consecutive Order/70 Beginning,Peter Mark Roget. (1911). 'Roget's Thesaurus of English Words and Phrases'.  New York: TY Crowell Company.
c9.71,9,71,WORDCOUNT,eng,Roget's Thesaurus 1911 Edition,Class I - Abstract Relations/1.4 Order/1.4.2 Consecutive Order/71 End,Peter Mark Roget. (1911). 'Roget's Thesaurus of English Words and Phrases'.  New York: TY Crowell Company.
c9.72,9,72,WORDCOUNT,eng,Roget's Thesaurus 1911 Edition,Class I - Abstract Relations/1.4 Order/1.4.2 Consecutive Order/72 Middle,Peter Mark Roget. (1911). 'Roget's Thesaurus of English Words and Phrases'.  New York: TY Crowell Company.
c9.73,9,73,WORDCOUNT,eng,Roget's Thesaurus 1911 Edition,Class I - Abstract Relations/1.4 Order/1.4.2 Consecutive Order/73 Continuity,Peter Mark Roget. (1911). 'Roget's Thesaurus of English Words and Phrases'.  New York: TY Crowell Company.
c9.74,9,74,WORDCOUNT,eng,Roget's Thesaurus 1911 Edition,Class I - Abstract Relations/1.4 Order/1.4.2 Consecutive Order/74 Discontinuity,Peter Mark Roget. (1911). 'Roget's Thesaurus of English Words and Phrases'.  New York: TY Crowell Company.
c9.75,9,75,WORDCOUNT,eng,Roget's Thesaurus 1911 Edition,Class I - Abstract Relations/1.4 Order/1.4.2 Consecutive Order/75 Term,Peter Mark Roget. (1911). 'Roget's Thesaurus of English Words and Phrases'.  New York: TY Crowell Company.
c9.76,9,76,WORDCOUNT,eng,Roget's Thesaurus 1911 Edition,Class I - Abstract Relations/1.4 Order/1.4.3 Collective Order/76 Assemblage,Peter Mark Roget. (1911). 'Roget's Thesaurus of English Words and Phrases'.  New York: TY Crowell Company.
c9.77,9,77,WORDCOUNT,eng,Roget's Thesaurus 1911 Edition,Class I - Abstract Relations/1.4 Order/1.4.3 Collective Order/77 Dispersion,Peter Mark Roget. (1911). 'Roget's Thesaurus of English Words and Phrases'.  New York: TY Crowell Company.
c9.78,9,78,WORDCOUNT,eng,Roget's Thesaurus 1911 Edition,Class I - Abstract Relations/1.4 Order/1.4.3 Collective Order/78 Focus,Peter Mark Roget. (1911). 'Roget's Thesaurus of English Words and Phrases'.  New York: TY Crowell Company.
c9.79,9,79,WORDCOUNT,eng,Roget's Thesaurus 1911 Edition,Class I - Abstract Relations/1.4 Order/1.4.4 Distributive Order/79 Class,Peter Mark Roget. (1911). 'Roget's Thesaurus of English Words and Phrases'.  New York: TY Crowell Company.
c9.80,9,80,WORDCOUNT,eng,Roget's Thesaurus 1911 Edition,Class I - Abstract Relations/1.4 Order/1.4.4 Distributive Order/80 Inclusion,Peter Mark Roget. (1911). 'Roget's Thesaurus of English Words and Phrases'.  New York: TY Crowell Company.
c9.81,9,81,WORDCOUNT,eng,Roget's Thesaurus 1911 Edition,Class I - Abstract Relations/1.4 Order/1.4.4 Distributive Order/81 Exclusion,Peter Mark Roget. (1911). 'Roget's Thesaurus of English Words and Phrases'.  New York: TY Crowell Company.
c9.82,9,82,WORDCOUNT,eng,Roget's Thesaurus 1911 Edition,Class I - Abstract Relations/1.4 Order/1.4.4 Distributive Order/82 Generality,Peter Mark Roget. (1911). 'Roget's Thesaurus of English Words and Phrases'.  New York: TY Crowell Company.
c9.83,9,83,WORDCOUNT,eng,Roget's Thesaurus 1911 Edition,Class I - Abstract Relations/1.4 Order/1.4.4 Distributive Order/83 Speciality,Peter Mark Roget. (1911). 'Roget's Thesaurus of English Words and Phrases'.  New York: TY Crowell Company.
c9.84,9,84,WORDCOUNT,eng,Roget's Thesaurus 1911 Edition,Class I - Abstract Relations/1.4 Order/1.4.5 Categorical Order/84 Normality,Peter Mark Roget. (1911). 'Roget's Thesaurus of English Words and Phrases'.  New York: TY Crowell Company.
c9.85,9,85,WORDCOUNT,eng,Roget's Thesaurus 1911 Edition,Class I - Abstract Relations/1.4 Order/1.4.5 Categorical Order/85 Multiformity,Peter Mark Roget. (1911). 'Roget's Thesaurus of English Words and Phrases'.  New York: TY Crowell Company.
c9.86,9,86,WORDCOUNT,eng,Roget's Thesaurus 1911 Edition,Class I - Abstract Relations/1.4 Order/1.4.5 Categorical Order/86 Conformity,Peter Mark Roget. (1911). 'Roget's Thesaurus of English Words and Phrases'.  New York: TY Crowell Company.
c9.87,9,87,WORDCOUNT,eng,Roget's Thesaurus 1911 Edition,Class I - Abstract Relations/1.4 Order/1.4.5 Categorical Order/87 Unconformity,Peter Mark Roget. (1911). 'Roget's Thesaurus of English Words and Phrases'.  New York: TY Crowell Company.
c9.88,9,88,WORDCOUNT,eng,Roget's Thesaurus 1911 Edition,Class I - Abstract Relations/1.5 Number/1.5.1 Number In The Abstract/88 Number,Peter Mark Roget. (1911). 'Roget's Thesaurus of English Words and Phrases'.  New York: TY Crowell Company.
c9.89,9,89,WORDCOUNT,eng,Roget's Thesaurus 1911 Edition,Class I - Abstract Relations/1.5 Number/1.5.1 Number In The Abstract/89 Numeration,Peter Mark Roget. (1911). 'Roget's Thesaurus of English Words and Phrases'.  New York: TY Crowell Company.
c9.90,9,90,WORDCOUNT,eng,Roget's Thesaurus 1911 Edition,Class I - Abstract Relations/1.5 Number/1.5.1 Number In The Abstract/90 List,Peter Mark Roget. (1911). 'Roget's Thesaurus of English Words and Phrases'.  New York: TY Crowell Company.
c9.91,9,91,WORDCOUNT,eng,Roget's Thesaurus 1911 Edition,Class I - Abstract Relations/1.5 Number/1.5.2 Determinate Number/100 Quadruplication,Peter Mark Roget. (1911). 'Roget's Thesaurus of English Words and Phrases'.  New York: TY Crowell Company.
c9.92,9,92,WORDCOUNT,eng,Roget's Thesaurus 1911 Edition,Class I - Abstract Relations/1.5 Number/1.5.2 Determinate Number/101 Quadrisection,Peter Mark Roget. (1911). 'Roget's Thesaurus of English Words and Phrases'.  New York: TY Crowell Company.
c9.93,9,93,WORDCOUNT,eng,Roget's Thesaurus 1911 Edition,Class I - Abstract Relations/1.5 Number/1.5.2 Determinate Number/102 Five And Over,Peter Mark Roget. (1911). 'Roget's Thesaurus of English Words and Phrases'.  New York: TY Crowell Company.
c9.94,9,94,WORDCOUNT,eng,Roget's Thesaurus 1911 Edition,Class I - Abstract Relations/1.5 Number/1.5.2 Determinate Number/103 Multisection,Peter Mark Roget. (1911). 'Roget's Thesaurus of English Words and Phrases'.  New York: TY Crowell Company.
c9.95,9,95,WORDCOUNT,eng,Roget's Thesaurus 1911 Edition,Class I - Abstract Relations/1.5 Number/1.5.2 Determinate Number/91 Unity,Peter Mark Roget. (1911). 'Roget's Thesaurus of English Words and Phrases'.  New York: TY Crowell Company.
c9.96,9,96,WORDCOUNT,eng,Roget's Thesaurus 1911 Edition,Class I - Abstract Relations/1.5 Number/1.5.2 Determinate Number/92 Accompaniment,Peter Mark Roget. (1911). 'Roget's Thesaurus of English Words and Phrases'.  New York: TY Crowell Company.
c9.97,9,97,WORDCOUNT,eng,Roget's Thesaurus 1911 Edition,Class I - Abstract Relations/1.5 Number/1.5.2 Determinate Number/93 Duality,Peter Mark Roget. (1911). 'Roget's Thesaurus of English Words and Phrases'.  New York: TY Crowell Company.
c9.98,9,98,WORDCOUNT,eng,Roget's Thesaurus 1911 Edition,Class I - Abstract Relations/1.5 Number/1.5.2 Determinate Number/94 Duplication,Peter Mark Roget. (1911). 'Roget's Thesaurus of English Words and Phrases'.  New York: TY Crowell Company.
c9.99,9,99,WORDCOUNT,eng,Roget's Thesaurus 1911 Edition,Class I - Abstract Relations/1.5 Number/1.5.2 Determinate Number/95 Bisection,Peter Mark Roget. (1911). 'Roget's Thesaurus of English Words and Phrases'.  New York: TY Crowell Company.
c9.100,9,100,WORDCOUNT,eng,Roget's Thesaurus 1911 Edition,Class I - Abstract Relations/1.5 Number/1.5.2 Determinate Number/96 Triality,Peter Mark Roget. (1911). 'Roget's Thesaurus of English Words and Phrases'.  New York: TY Crowell Company.
c9.101,9,101,WORDCOUNT,eng,Roget's Thesaurus 1911 Edition,Class I - Abstract Relations/1.5 Number/1.5.2 Determinate Number/97 Triplication,Peter Mark Roget. (1911). 'Roget's Thesaurus of English Words and Phrases'.  New York: TY Crowell Company.
c9.102,9,102,WORDCOUNT,eng,Roget's Thesaurus 1911 Edition,Class I - Abstract Relations/1.5 Number/1.5.2 Determinate Number/98 Trisection,Peter Mark Roget. (1911). 'Roget's Thesaurus of English Words and Phrases'.  New York: TY Crowell Company.
c9.103,9,103,WORDCOUNT,eng,Roget's Thesaurus 1911 Edition,Class I - Abstract Relations/1.5 Number/1.5.2 Determinate Number/99 Four,Peter Mark Roget. (1911). 'Roget's Thesaurus of English Words and Phrases'.  New York: TY Crowell Company.
c9.104,9,104,WORDCOUNT,eng,Roget's Thesaurus 1911 Edition,Class I - Abstract Relations/1.5 Number/1.5.3 Indeterminate Number/104 Plurality,Peter Mark Roget. (1911). 'Roget's Thesaurus of English Words and Phrases'.  New York: TY Crowell Company.
c9.105,9,105,WORDCOUNT,eng,Roget's Thesaurus 1911 Edition,Class I - Abstract Relations/1.5 Number/1.5.3 Indeterminate Number/105 Fraction,Peter Mark Roget. (1911). 'Roget's Thesaurus of English Words and Phrases'.  New York: TY Crowell Company.
c9.106,9,106,WORDCOUNT,eng,Roget's Thesaurus 1911 Edition,Class I - Abstract Relations/1.5 Number/1.5.3 Indeterminate Number/106 Zero,Peter Mark Roget. (1911). 'Roget's Thesaurus of English Words and Phrases'.  New York: TY Crowell Company.
c9.107,9,107,WORDCOUNT,eng,Roget's Thesaurus 1911 Edition,Class I - Abstract Relations/1.5 Number/1.5.3 Indeterminate Number/107 Multitude,Peter Mark Roget. (1911). 'Roget's Thesaurus of English Words and Phrases'.  New York: TY Crowell Company.
c9.108,9,108,WORDCOUNT,eng,Roget's Thesaurus 1911 Edition,Class I - Abstract Relations/1.5 Number/1.5.3 Indeterminate Number/108 Fewness,Peter Mark Roget. (1911). 'Roget's Thesaurus of English Words and Phrases'.  New York: TY Crowell Company.
c9.109,9,109,WORDCOUNT,eng,Roget's Thesaurus 1911 Edition,Class I - Abstract Relations/1.5 Number/1.5.3 Indeterminate Number/109 Repetition,Peter Mark Roget. (1911). 'Roget's Thesaurus of English Words and Phrases'.  New York: TY Crowell Company.
c9.110,9,110,WORDCOUNT,eng,Roget's Thesaurus 1911 Edition,Class I - Abstract Relations/1.5 Number/1.5.3 Indeterminate Number/110 Infinity,Peter Mark Roget. (1911). 'Roget's Thesaurus of English Words and Phrases'.  New York: TY Crowell Company.
c9.111,9,111,WORDCOUNT,eng,Roget's Thesaurus 1911 Edition,Class I - Abstract Relations/1.6 Time/1.6.1 Absolute Time/111 Time,Peter Mark Roget. (1911). 'Roget's Thesaurus of English Words and Phrases'.  New York: TY Crowell Company.
c9.112,9,112,WORDCOUNT,eng,Roget's Thesaurus 1911 Edition,Class I - Abstract Relations/1.6 Time/1.6.1 Absolute Time/112 Neverness,Peter Mark Roget. (1911). 'Roget's Thesaurus of English Words and Phrases'.  New York: TY Crowell Company.
c9.113,9,113,WORDCOUNT,eng,Roget's Thesaurus 1911 Edition,Class I - Abstract Relations/1.6 Time/1.6.1 Absolute Time/113 Period,Peter Mark Roget. (1911). 'Roget's Thesaurus of English Words and Phrases'.  New York: TY Crowell Company.
c9.114,9,114,WORDCOUNT,eng,Roget's Thesaurus 1911 Edition,Class I - Abstract Relations/1.6 Time/1.6.1 Absolute Time/114 Contingent Duration,Peter Mark Roget. (1911). 'Roget's Thesaurus of English Words and Phrases'.  New York: TY Crowell Company.
c9.115,9,115,WORDCOUNT,eng,Roget's Thesaurus 1911 Edition,Class I - Abstract Relations/1.6 Time/1.6.1 Absolute Time/115 Course,Peter Mark Roget. (1911). 'Roget's Thesaurus of English Words and Phrases'.  New York: TY Crowell Company.
c9.116,9,116,WORDCOUNT,eng,Roget's Thesaurus 1911 Edition,Class I - Abstract Relations/1.6 Time/1.6.1 Absolute Time/116 Diuturnity,Peter Mark Roget. (1911). 'Roget's Thesaurus of English Words and Phrases'.  New York: TY Crowell Company.
c9.117,9,117,WORDCOUNT,eng,Roget's Thesaurus 1911 Edition,Class I - Abstract Relations/1.6 Time/1.6.1 Absolute Time/117 Transientness,Peter Mark Roget. (1911). 'Roget's Thesaurus of English Words and Phrases'.  New York: TY Crowell Company.
c9.118,9,118,WORDCOUNT,eng,Roget's Thesaurus 1911 Edition,Class I - Abstract Relations/1.6 Time/1.6.1 Absolute Time/118 Perpetuity,Peter Mark Roget. (1911). 'Roget's Thesaurus of English Words and Phrases'.  New York: TY Crowell Company.
c9.119,9,119,WORDCOUNT,eng,Roget's Thesaurus 1911 Edition,Class I - Abstract Relations/1.6 Time/1.6.1 Absolute Time/119 Instantaneity,Peter Mark Roget. (1911). 'Roget's Thesaurus of English Words and Phrases'.  New York: TY Crowell Company.
c9.120,9,120,WORDCOUNT,eng,Roget's Thesaurus 1911 Edition,Class I - Abstract Relations/1.6 Time/1.6.1 Absolute Time/120 Chronometry,Peter Mark Roget. (1911). 'Roget's Thesaurus of English Words and Phrases'.  New York: TY Crowell Company.
c9.121,9,121,WORDCOUNT,eng,Roget's Thesaurus 1911 Edition,Class I - Abstract Relations/1.6 Time/1.6.1 Absolute Time/121 Anachronism,Peter Mark Roget. (1911). 'Roget's Thesaurus of English Words and Phrases'.  New York: TY Crowell Company.
c9.122,9,122,WORDCOUNT,eng,Roget's Thesaurus 1911 Edition,Class I - Abstract Relations/1.6 Time/1.6.2 Relative Time/1.6.2.1 Relative To Succession/122 Priority,Peter Mark Roget. (1911). 'Roget's Thesaurus of English Words and Phrases'.  New York: TY Crowell Company.
c9.123,9,123,WORDCOUNT,eng,Roget's Thesaurus 1911 Edition,Class I - Abstract Relations/1.6 Time/1.6.2 Relative Time/1.6.2.1 Relative To Succession/123 Posteriority,Peter Mark Roget. (1911). 'Roget's Thesaurus of English Words and Phrases'.  New York: TY Crowell Company.
c9.124,9,124,WORDCOUNT,eng,Roget's Thesaurus 1911 Edition,Class I - Abstract Relations/1.6 Time/1.6.2 Relative Time/1.6.2.1 Relative To Succession/124 The Present Time,Peter Mark Roget. (1911). 'Roget's Thesaurus of English Words and Phrases'.  New York: TY Crowell Company.
c9.125,9,125,WORDCOUNT,eng,Roget's Thesaurus 1911 Edition,Class I - Abstract Relations/1.6 Time/1.6.2 Relative Time/1.6.2.1 Relative To Succession/125 Different Time,Peter Mark Roget. (1911). 'Roget's Thesaurus of English Words and Phrases'.  New York: TY Crowell Company.
c9.126,9,126,WORDCOUNT,eng,Roget's Thesaurus 1911 Edition,Class I - Abstract Relations/1.6 Time/1.6.2 Relative Time/1.6.2.1 Relative To Succession/126 Synchronism,Peter Mark Roget. (1911). 'Roget's Thesaurus of English Words and Phrases'.  New York: TY Crowell Company.
c9.127,9,127,WORDCOUNT,eng,Roget's Thesaurus 1911 Edition,Class I - Abstract Relations/1.6 Time/1.6.2 Relative Time/1.6.2.2 Relative To A Period/127 Futurity,Peter Mark Roget. (1911). 'Roget's Thesaurus of English Words and Phrases'.  New York: TY Crowell Company.
c9.128,9,128,WORDCOUNT,eng,Roget's Thesaurus 1911 Edition,Class I - Abstract Relations/1.6 Time/1.6.2 Relative Time/1.6.2.2 Relative To A Period/128 The Past,Peter Mark Roget. (1911). 'Roget's Thesaurus of English Words and Phrases'.  New York: TY Crowell Company.
c9.129,9,129,WORDCOUNT,eng,Roget's Thesaurus 1911 Edition,Class I - Abstract Relations/1.6 Time/1.6.2 Relative Time/1.6.2.2 Relative To A Period/129 Newness,Peter Mark Roget. (1911). 'Roget's Thesaurus of English Words and Phrases'.  New York: TY Crowell Company.
c9.130,9,130,WORDCOUNT,eng,Roget's Thesaurus 1911 Edition,Class I - Abstract Relations/1.6 Time/1.6.2 Relative Time/1.6.2.2 Relative To A Period/130 Oldness,Peter Mark Roget. (1911). 'Roget's Thesaurus of English Words and Phrases'.  New York: TY Crowell Company.
c9.131,9,131,WORDCOUNT,eng,Roget's Thesaurus 1911 Edition,Class I - Abstract Relations/1.6 Time/1.6.2 Relative Time/1.6.2.2 Relative To A Period/131 Morning,Peter Mark Roget. (1911). 'Roget's Thesaurus of English Words and Phrases'.  New York: TY Crowell Company.
c9.132,9,132,WORDCOUNT,eng,Roget's Thesaurus 1911 Edition,Class I - Abstract Relations/1.6 Time/1.6.2 Relative Time/1.6.2.2 Relative To A Period/132 Evening,Peter Mark Roget. (1911). 'Roget's Thesaurus of English Words and Phrases'.  New York: TY Crowell Company.
c9.133,9,133,WORDCOUNT,eng,Roget's Thesaurus 1911 Edition,Class I - Abstract Relations/1.6 Time/1.6.2 Relative Time/1.6.2.2 Relative To A Period/133 Youth,Peter Mark Roget. (1911). 'Roget's Thesaurus of English Words and Phrases'.  New York: TY Crowell Company.
c9.134,9,134,WORDCOUNT,eng,Roget's Thesaurus 1911 Edition,Class I - Abstract Relations/1.6 Time/1.6.2 Relative Time/1.6.2.2 Relative To A Period/134 Age,Peter Mark Roget. (1911). 'Roget's Thesaurus of English Words and Phrases'.  New York: TY Crowell Company.
c9.135,9,135,WORDCOUNT,eng,Roget's Thesaurus 1911 Edition,Class I - Abstract Relations/1.6 Time/1.6.2 Relative Time/1.6.2.2 Relative To A Period/135 Infant,Peter Mark Roget. (1911). 'Roget's Thesaurus of English Words and Phrases'.  New York: TY Crowell Company.
c9.136,9,136,WORDCOUNT,eng,Roget's Thesaurus 1911 Edition,Class I - Abstract Relations/1.6 Time/1.6.2 Relative Time/1.6.2.2 Relative To A Period/136 Veteran,Peter Mark Roget. (1911). 'Roget's Thesaurus of English Words and Phrases'.  New York: TY Crowell Company.
c9.137,9,137,WORDCOUNT,eng,Roget's Thesaurus 1911 Edition,Class I - Abstract Relations/1.6 Time/1.6.2 Relative Time/1.6.2.2 Relative To A Period/137 Adolescence,Peter Mark Roget. (1911). 'Roget's Thesaurus of English Words and Phrases'.  New York: TY Crowell Company.
c9.138,9,138,WORDCOUNT,eng,Roget's Thesaurus 1911 Edition,Class I - Abstract Relations/1.6 Time/1.6.2 Relative Time/1.6.2.3 Reference To Effect/purpose/138 Earliness,Peter Mark Roget. (1911). 'Roget's Thesaurus of English Words and Phrases'.  New York: TY Crowell Company.
c9.139,9,139,WORDCOUNT,eng,Roget's Thesaurus 1911 Edition,Class I - Abstract Relations/1.6 Time/1.6.2 Relative Time/1.6.2.3 Reference To Effect/purpose/139 Punctuality,Peter Mark Roget. (1911). 'Roget's Thesaurus of English Words and Phrases'.  New York: TY Crowell Company.
c9.140,9,140,WORDCOUNT,eng,Roget's Thesaurus 1911 Edition,Class I - Abstract Relations/1.6 Time/1.6.2 Relative Time/1.6.2.3 Reference To Effect/purpose/140 Lateness,Peter Mark Roget. (1911). 'Roget's Thesaurus of English Words and Phrases'.  New York: TY Crowell Company.
c9.141,9,141,WORDCOUNT,eng,Roget's Thesaurus 1911 Edition,Class I - Abstract Relations/1.6 Time/1.6.2 Relative Time/1.6.2.3 Reference To Effect/purpose/141 Occasion,Peter Mark Roget. (1911). 'Roget's Thesaurus of English Words and Phrases'.  New York: TY Crowell Company.
c9.142,9,142,WORDCOUNT,eng,Roget's Thesaurus 1911 Edition,Class I - Abstract Relations/1.6 Time/1.6.2 Relative Time/1.6.2.3 Reference To Effect/purpose/142 Untimeliness,Peter Mark Roget. (1911). 'Roget's Thesaurus of English Words and Phrases'.  New York: TY Crowell Company.
c9.143,9,143,WORDCOUNT,eng,Roget's Thesaurus 1911 Edition,Class I - Abstract Relations/1.6 Time/1.6.3 Recurrent Time/143 Frequency,Peter Mark Roget. (1911). 'Roget's Thesaurus of English Words and Phrases'.  New York: TY Crowell Company.
c9.144,9,144,WORDCOUNT,eng,Roget's Thesaurus 1911 Edition,Class I - Abstract Relations/1.6 Time/1.6.3 Recurrent Time/144 Infrequency,Peter Mark Roget. (1911). 'Roget's Thesaurus of English Words and Phrases'.  New York: TY Crowell Company.
c9.145,9,145,WORDCOUNT,eng,Roget's Thesaurus 1911 Edition,Class I - Abstract Relations/1.6 Time/1.6.3 Recurrent Time/145 Periodicity,Peter Mark Roget. (1911). 'Roget's Thesaurus of English Words and Phrases'.  New York: TY Crowell Company.
c9.146,9,146,WORDCOUNT,eng,Roget's Thesaurus 1911 Edition,Class I - Abstract Relations/1.6 Time/1.6.3 Recurrent Time/146 Fitfullness,Peter Mark Roget. (1911). 'Roget's Thesaurus of English Words and Phrases'.  New York: TY Crowell Company.
c9.147,9,147,WORDCOUNT,eng,Roget's Thesaurus 1911 Edition,Class I - Abstract Relations/1.7 Change/1.7.1 Simple Change/147 Change,Peter Mark Roget. (1911). 'Roget's Thesaurus of English Words and Phrases'.  New York: TY Crowell Company.
c9.148,9,148,WORDCOUNT,eng,Roget's Thesaurus 1911 Edition,Class I - Abstract Relations/1.7 Change/1.7.1 Simple Change/148 Permanence,Peter Mark Roget. (1911). 'Roget's Thesaurus of English Words and Phrases'.  New York: TY Crowell Company.
c9.149,9,149,WORDCOUNT,eng,Roget's Thesaurus 1911 Edition,Class I - Abstract Relations/1.7 Change/1.7.1 Simple Change/149 Cessation,Peter Mark Roget. (1911). 'Roget's Thesaurus of English Words and Phrases'.  New York: TY Crowell Company.
c9.150,9,150,WORDCOUNT,eng,Roget's Thesaurus 1911 Edition,Class I - Abstract Relations/1.7 Change/1.7.1 Simple Change/150 Continuance In Action,Peter Mark Roget. (1911). 'Roget's Thesaurus of English Words and Phrases'.  New York: TY Crowell Company.
c9.151,9,151,WORDCOUNT,eng,Roget's Thesaurus 1911 Edition,Class I - Abstract Relations/1.7 Change/1.7.1 Simple Change/151 Conversion,Peter Mark Roget. (1911). 'Roget's Thesaurus of English Words and Phrases'.  New York: TY Crowell Company.
c9.152,9,152,WORDCOUNT,eng,Roget's Thesaurus 1911 Edition,Class I - Abstract Relations/1.7 Change/1.7.1 Simple Change/152 Reversion,Peter Mark Roget. (1911). 'Roget's Thesaurus of English Words and Phrases'.  New York: TY Crowell Company.
c9.153,9,153,WORDCOUNT,eng,Roget's Thesaurus 1911 Edition,Class I - Abstract Relations/1.7 Change/1.7.1 Simple Change/153 Revolution,Peter Mark Roget. (1911). 'Roget's Thesaurus of English Words and Phrases'.  New York: TY Crowell Company.
c9.154,9,154,WORDCOUNT,eng,Roget's Thesaurus 1911 Edition,Class I - Abstract Relations/1.7 Change/1.7.1 Simple Change/154 Substitution,Peter Mark Roget. (1911). 'Roget's Thesaurus of English Words and Phrases'.  New York: TY Crowell Company.
c9.155,9,155,WORDCOUNT,eng,Roget's Thesaurus 1911 Edition,Class I - Abstract Relations/1.7 Change/1.7.1 Simple Change/155 Interchange,Peter Mark Roget. (1911). 'Roget's Thesaurus of English Words and Phrases'.  New York: TY Crowell Company.
c9.156,9,156,WORDCOUNT,eng,Roget's Thesaurus 1911 Edition,Class I - Abstract Relations/1.7 Change/1.7.2 Complex Change/156 Changeableness,Peter Mark Roget. (1911). 'Roget's Thesaurus of English Words and Phrases'.  New York: TY Crowell Company.
c9.157,9,157,WORDCOUNT,eng,Roget's Thesaurus 1911 Edition,Class I - Abstract Relations/1.7 Change/1.7.2 Complex Change/157 Stability,Peter Mark Roget. (1911). 'Roget's Thesaurus of English Words and Phrases'.  New York: TY Crowell Company.
c9.158,9,158,WORDCOUNT,eng,Roget's Thesaurus 1911 Edition,Class I - Abstract Relations/1.7 Change/1.7.2 Complex Change/158 Eventuality,Peter Mark Roget. (1911). 'Roget's Thesaurus of English Words and Phrases'.  New York: TY Crowell Company.
c9.159,9,159,WORDCOUNT,eng,Roget's Thesaurus 1911 Edition,Class I - Abstract Relations/1.7 Change/1.7.2 Complex Change/159 Destiny,Peter Mark Roget. (1911). 'Roget's Thesaurus of English Words and Phrases'.  New York: TY Crowell Company.
c9.160,9,160,WORDCOUNT,eng,Roget's Thesaurus 1911 Edition,Class I - Abstract Relations/1.8 Causation/1.8.1 Constancy Of Sequence/160 Cause,Peter Mark Roget. (1911). 'Roget's Thesaurus of English Words and Phrases'.  New York: TY Crowell Company.
c9.161,9,161,WORDCOUNT,eng,Roget's Thesaurus 1911 Edition,Class I - Abstract Relations/1.8 Causation/1.8.1 Constancy Of Sequence/161 Effect,Peter Mark Roget. (1911). 'Roget's Thesaurus of English Words and Phrases'.  New York: TY Crowell Company.
c9.162,9,162,WORDCOUNT,eng,Roget's Thesaurus 1911 Edition,Class I - Abstract Relations/1.8 Causation/1.8.1 Constancy Of Sequence/162 Attribution,Peter Mark Roget. (1911). 'Roget's Thesaurus of English Words and Phrases'.  New York: TY Crowell Company.
c9.163,9,163,WORDCOUNT,eng,Roget's Thesaurus 1911 Edition,Class I - Abstract Relations/1.8 Causation/1.8.1 Constancy Of Sequence/163 Chance,Peter Mark Roget. (1911). 'Roget's Thesaurus of English Words and Phrases'.  New York: TY Crowell Company.
c9.164,9,164,WORDCOUNT,eng,Roget's Thesaurus 1911 Edition,Class I - Abstract Relations/1.8 Causation/1.8.2 About Cause And Effect/164 Power,Peter Mark Roget. (1911). 'Roget's Thesaurus of English Words and Phrases'.  New York: TY Crowell Company.
c9.165,9,165,WORDCOUNT,eng,Roget's Thesaurus 1911 Edition,Class I - Abstract Relations/1.8 Causation/1.8.2 About Cause And Effect/165 Impotence,Peter Mark Roget. (1911). 'Roget's Thesaurus of English Words and Phrases'.  New York: TY Crowell Company.
c9.166,9,166,WORDCOUNT,eng,Roget's Thesaurus 1911 Edition,Class I - Abstract Relations/1.8 Causation/1.8.2 About Cause And Effect/166 Strength,Peter Mark Roget. (1911). 'Roget's Thesaurus of English Words and Phrases'.  New York: TY Crowell Company.
c9.167,9,167,WORDCOUNT,eng,Roget's Thesaurus 1911 Edition,Class I - Abstract Relations/1.8 Causation/1.8.2 About Cause And Effect/167 Weakness,Peter Mark Roget. (1911). 'Roget's Thesaurus of English Words and Phrases'.  New York: TY Crowell Company.
c9.168,9,168,WORDCOUNT,eng,Roget's Thesaurus 1911 Edition,Class I - Abstract Relations/1.8 Causation/1.8.3 Power In Operation/168 Production,Peter Mark Roget. (1911). 'Roget's Thesaurus of English Words and Phrases'.  New York: TY Crowell Company.
c9.169,9,169,WORDCOUNT,eng,Roget's Thesaurus 1911 Edition,Class I - Abstract Relations/1.8 Causation/1.8.3 Power In Operation/169 Destruction,Peter Mark Roget. (1911). 'Roget's Thesaurus of English Words and Phrases'.  New York: TY Crowell Company.
c9.170,9,170,WORDCOUNT,eng,Roget's Thesaurus 1911 Edition,Class I - Abstract Relations/1.8 Causation/1.8.3 Power In Operation/170 Reproduction,Peter Mark Roget. (1911). 'Roget's Thesaurus of English Words and Phrases'.  New York: TY Crowell Company.
c9.171,9,171,WORDCOUNT,eng,Roget's Thesaurus 1911 Edition,Class I - Abstract Relations/1.8 Causation/1.8.3 Power In Operation/171 Producer,Peter Mark Roget. (1911). 'Roget's Thesaurus of English Words and Phrases'.  New York: TY Crowell Company.
c9.172,9,172,WORDCOUNT,eng,Roget's Thesaurus 1911 Edition,Class I - Abstract Relations/1.8 Causation/1.8.3 Power In Operation/172 Destroyer,Peter Mark Roget. (1911). 'Roget's Thesaurus of English Words and Phrases'.  New York: TY Crowell Company.
c9.173,9,173,WORDCOUNT,eng,Roget's Thesaurus 1911 Edition,Class I - Abstract Relations/1.8 Causation/1.8.3 Power In Operation/173 Paternity,Peter Mark Roget. (1911). 'Roget's Thesaurus of English Words and Phrases'.  New York: TY Crowell Company.
c9.174,9,174,WORDCOUNT,eng,Roget's Thesaurus 1911 Edition,Class I - Abstract Relations/1.8 Causation/1.8.3 Power In Operation/174 Posterity,Peter Mark Roget. (1911). 'Roget's Thesaurus of English Words and Phrases'.  New York: TY Crowell Company.
c9.175,9,175,WORDCOUNT,eng,Roget's Thesaurus 1911 Edition,Class I - Abstract Relations/1.8 Causation/1.8.3 Power In Operation/175 Productiveness,Peter Mark Roget. (1911). 'Roget's Thesaurus of English Words and Phrases'.  New York: TY Crowell Company.
c9.176,9,176,WORDCOUNT,eng,Roget's Thesaurus 1911 Edition,Class I - Abstract Relations/1.8 Causation/1.8.3 Power In Operation/176 Unproductiveness,Peter Mark Roget. (1911). 'Roget's Thesaurus of English Words and Phrases'.  New York: TY Crowell Company.
c9.177,9,177,WORDCOUNT,eng,Roget's Thesaurus 1911 Edition,Class I - Abstract Relations/1.8 Causation/1.8.3 Power In Operation/177 Agency,Peter Mark Roget. (1911). 'Roget's Thesaurus of English Words and Phrases'.  New York: TY Crowell Company.
c9.178,9,178,WORDCOUNT,eng,Roget's Thesaurus 1911 Edition,Class I - Abstract Relations/1.8 Causation/1.8.3 Power In Operation/178 Physical Energy,Peter Mark Roget. (1911). 'Roget's Thesaurus of English Words and Phrases'.  New York: TY Crowell Company.
c9.179,9,179,WORDCOUNT,eng,Roget's Thesaurus 1911 Edition,Class I - Abstract Relations/1.8 Causation/1.8.3 Power In Operation/179 Physical Inertness,Peter Mark Roget. (1911). 'Roget's Thesaurus of English Words and Phrases'.  New York: TY Crowell Company.
c9.180,9,180,WORDCOUNT,eng,Roget's Thesaurus 1911 Edition,Class I - Abstract Relations/1.8 Causation/1.8.3 Power In Operation/180 Violence,Peter Mark Roget. (1911). 'Roget's Thesaurus of English Words and Phrases'.  New York: TY Crowell Company.
c9.181,9,181,WORDCOUNT,eng,Roget's Thesaurus 1911 Edition,Class I - Abstract Relations/1.8 Causation/1.8.3 Power In Operation/181 Moderation,Peter Mark Roget. (1911). 'Roget's Thesaurus of English Words and Phrases'.  New York: TY Crowell Company.
c9.182,9,182,WORDCOUNT,eng,Roget's Thesaurus 1911 Edition,Class I - Abstract Relations/1.8 Causation/1.8.4 Indirect Power/182 Influence,Peter Mark Roget. (1911). 'Roget's Thesaurus of English Words and Phrases'.  New York: TY Crowell Company.
c9.183,9,183,WORDCOUNT,eng,Roget's Thesaurus 1911 Edition,Class I - Abstract Relations/1.8 Causation/1.8.4 Indirect Power/183 Absence Of Influence,Peter Mark Roget. (1911). 'Roget's Thesaurus of English Words and Phrases'.  New York: TY Crowell Company.
c9.184,9,184,WORDCOUNT,eng,Roget's Thesaurus 1911 Edition,Class I - Abstract Relations/1.8 Causation/1.8.4 Indirect Power/184 Tendency,Peter Mark Roget. (1911). 'Roget's Thesaurus of English Words and Phrases'.  New York: TY Crowell Company.
c9.185,9,185,WORDCOUNT,eng,Roget's Thesaurus 1911 Edition,Class I - Abstract Relations/1.8 Causation/1.8.4 Indirect Power/185 Liability,Peter Mark Roget. (1911). 'Roget's Thesaurus of English Words and Phrases'.  New York: TY Crowell Company.
c9.186,9,186,WORDCOUNT,eng,Roget's Thesaurus 1911 Edition,Class I - Abstract Relations/1.8 Causation/1.8.5 Combination Of Causes/186 Concurrence,Peter Mark Roget. (1911). 'Roget's Thesaurus of English Words and Phrases'.  New York: TY Crowell Company.
c9.187,9,187,WORDCOUNT,eng,Roget's Thesaurus 1911 Edition,Class I - Abstract Relations/1.8 Causation/1.8.5 Combination Of Causes/187 Counteraction,Peter Mark Roget. (1911). 'Roget's Thesaurus of English Words and Phrases'.  New York: TY Crowell Company.